mode,scenario,runs,success_rate,goal_reached_rate,reached_goal_tolerance_rate,completed_dwell_rate,safe_success_rate,collision_failure_rate,safe_success_count,safe_success_rate_ci95_lower,safe_success_rate_ci95_upper,final_angular_error_l2_rad_mean,final_angular_error_l2_rad_std,final_prismatic_error_m_mean,final_prismatic_error_m_std,normalized_configuration_error_mean,normalized_configuration_error_std,end_effector_error_m_mean,end_effector_error_m_std,end_effector_path_length_m_mean,end_effector_path_length_m_std,mean_selected_horizon_cost_mean,mean_selected_horizon_cost_std,realized_trajectory_cost_mean,realized_trajectory_cost_std,minimum_link_clearance_m_mean,minimum_link_clearance_m_std,planning_time_mean_s_mean,planning_time_mean_s_std,planning_time_median_s_mean,planning_time_median_s_std,planning_time_p95_s_mean,planning_time_p95_s_std,planning_time_max_s_mean,planning_time_max_s_std,planning_time_total_s_mean,planning_time_total_s_std,planning_deadline_miss_fraction_mean,planning_deadline_miss_fraction_std,query_solver_wall_time_s_mean,query_solver_wall_time_s_std,fitting_plus_online_planning_time_s_mean,fitting_plus_online_planning_time_s_std,execution_duration_s_mean,execution_duration_s_std,control_steps_mean,control_steps_std,fallback_steps_mean,fallback_steps_std,no_motion_steps_mean,no_motion_steps_std,minimum_clearance_successful_runs_m,minimum_clearance_failed_runs_m,worst_case_minimum_clearance_m,planning_step_time_mean_s,planning_step_time_median_s,planning_step_time_p95_s,planning_step_time_max_s,planning_step_deadline_miss_fraction,offline_fitting_time_mean_s,offline_fitting_time_std_s
gmm_heuristic,Benchmark Multi-Axis Motion,20,1.0,1.0,1.0,1.0,1.0,0.0,20,0.8388748419471806,1.0,0.0,0.0,0.0,0.0,0.0,0.0,0.0,0.0,0.5169654833548424,0.0009273326252722122,3.7499994903489386,0.0017556397388650657,6.701981747883821,0.0007538983704598732,0.026800046816469154,3.469446951953614e-18,0.15455586910767513,0.03639932322472265,0.1525098975020228,0.03679463799711322,0.23670836649747798,0.05591817897515545,0.28088629999547265,0.09436541403030453,4.327564335014904,1.019181050292234,0.9464285714285714,0.16229382525002523,5.263878340000519,1.2411343325033155,5.2452269700122995,1.2368960665966646,1.4,2.220446049250313e-16,28.0,0.0,0.0,0.0,7.6,0.9695359714832658,0.02680004681646915,,0.02680004681646915,0.15455586910767513,0.14995365001959726,0.2566298799356445,0.5906047999160364,0.9464285714285714,0.9176626349973958,0.2245019501769607
gmm_heuristic,Benchmark Obstacle Detour,20,0.2,0.2,0.2,0.2,0.2,0.0,4,0.08065766257979806,0.41601743225189364,0.3624136762898156,0.18540238806582438,0.0008794762003142555,0.001138656652076756,0.06655772502083188,0.03662333817754786,0.17021245916083944,0.08715731103431976,2.141015160769624,0.5267316319210168,10.030353917671082,1.987677385068133,23.44300326573564,8.38540305540907,0.0007893776860901938,0.00025683232967948523,0.2592473818246991,0.0554078196882698,0.2360729975014692,0.0592621933921977,0.4817856882503838,0.08805193601072901,0.6735588850046043,0.134635059423556,23.862247860152273,6.874356800780717,0.9754893617021277,0.05174792647995764,25.471618259989192,7.224442002190769,25.28759161013877,7.170100505817655,4.5525,0.9150785485410526,91.05,18.301570970821054,8.05,4.47744346697979,8.3,3.421987726453735,0.0005254565215699197,0.0005274101720500329,0.0005254565215699197,0.26207850477926714,0.24047990003600717,0.5098239000653848,0.9311731000198051,0.9780340472267984,1.4253437499864958,0.43319935832878564
gmm_heuristic,Benchmark Point-to-Point,20,1.0,1.0,1.0,1.0,1.0,0.0,20,0.8388748419471806,1.0,0.00036746666073256935,0.0016017500392536156,7.084910412719966e-05,0.0003088240851308537,0.001774964177754684,0.007736889479237434,0.00013302322075765761,0.0005798347764269316,0.29611703345871304,0.0036945377330218107,0.48096267071440113,0.013378922083714852,1.6463983702651697,0.0010491026786039602,0.04286016593099253,7.260499491279516e-05,0.1462052645435324,0.041618644134837575,0.1390722500043921,0.041363838139337694,0.22900302523979912,0.06526156423669949,0.25930097500095145,0.06764267851618455,2.948099584999727,0.8467506725241964,0.9175000000000001,0.18321776660575254,3.786394234979525,1.086035659282064,3.77346003499697,1.0824054272059143,1.0074999999999998,0.03269174207655508,20.15,0.6538348415311009,0.0,0.0,7.9,0.43588989435406733,0.042543688095371374,,0.042543688095371374,0.14630767171214526,0.14176789997145534,0.2633319399203174,0.32376459997612983,0.9181141439205955,0.8253604499972426,0.24826070477512732
heuristic,Benchmark Multi-Axis Motion,20,1.0,1.0,1.0,1.0,1.0,0.0,20,0.8388748419471806,1.0,0.0,0.0,0.0,0.0,0.0,0.0,0.0,0.0,0.5168117988272586,0.0008906177127432938,3.749273188573343,0.0002687791257920532,6.701261026731634,0.0010962483307872227,0.026800046816469154,3.469446951953614e-18,0.22601324107111265,0.056101972245392415,0.22255027249339038,0.058105662883879576,0.3496611784843844,0.08774236122501583,0.383309174986789,0.09351618090430613,6.328370749991154,1.5708552228709876,0.9785714285714286,0.06813851438692468,6.347707765002269,1.5752370313691555,6.328370749991154,1.5708552228709876,1.4,2.220446049250313e-16,28.0,0.0,0.0,0.0,8.0,0.0,0.02680004681646915,,0.02680004681646915,0.22601324107111265,0.22714520001318306,0.3831130750360898,0.47781359998043627,0.9785714285714285,0.0,0.0
heuristic,Benchmark Obstacle Detour,20,0.25,0.25,0.25,0.25,0.25,0.0,5,0.11186170140766569,0.468700877618744,0.32400853094583665,0.19500050322345838,0.0005504644405973693,0.0007730267875863717,0.05930661040619064,0.03572045511947818,0.1493980615235339,0.0923758426496262,2.5968828959994696,0.3752541212491974,9.905644935169196,1.216109704729497,22.74118562017515,6.261251260706022,0.0007592292396790788,0.00020929217870156022,0.4341290134303743,0.08897993812561361,0.4201958275109064,0.0905727570231955,0.7579283805028534,0.15012268998174333,1.0284298399987164,0.1906730219323038,41.11352944009123,8.526181739317245,0.9964999999999999,0.013143439428094927,41.33425995999714,8.574547236589886,41.11352944009123,8.526181739317245,4.7700000000000005,0.49532817404222024,95.4,9.906563480844403,2.15,1.107925990308017,4.35,2.971110903349116,0.0006979715757243626,0.0005084217067612279,0.0005084217067612279,0.4309594280931994,0.4233863999834284,0.7971392249921336,1.4247125999536365,0.9963312368972747,0.0,0.0
heuristic,Benchmark Point-to-Point,20,1.0,1.0,1.0,1.0,1.0,0.0,20,0.8388748419471806,1.0,0.0,0.0,0.0,0.0,0.0,0.0,0.0,0.0,0.2948974106641253,0.0004988437494610699,0.4838303906490246,7.938346426891976e-05,1.6457334024514079,0.0005287956433674507,0.04287682265918312,0.0,0.21926322025043188,0.06509643278457626,0.210914722509915,0.06350415336797079,0.33326180748525075,0.10724461440521434,0.37487736498005686,0.12643225850650547,4.3852644050086385,1.3019286556915253,0.9775,0.06219927652312365,4.398526079981821,1.3054253119780446,4.3852644050086385,1.3019286556915253,1.0,0.0,20.0,0.0,0.0,0.0,8.0,0.0,0.04287682265918312,,0.04287682265918312,0.2192632202504319,0.21804265002720058,0.3940788499603512,0.6055109999142587,0.9775,0.0,0.0
uniform,Benchmark Multi-Axis Motion,20,0.0,0.0,0.3,0.0,0.0,0.0,0,0.0,0.16112515805281938,0.1971881538943136,0.09473425768908868,0.0047818879665107285,0.0027620894144387985,0.13570151379603104,0.06248662788105711,0.06936055132649852,0.03707397709976277,2.772994678304117,0.054181724148842356,4.38260389446215,0.8163586216197949,14.44835603254054,2.606147326542972,0.025405664701859988,0.003319293357840513,0.07720634010003413,0.02252710282331005,0.07687018249707762,0.02262783058990152,0.09241386150941253,0.027501796541114894,0.1108322800078895,0.03608173063609211,7.720634010003414,2.252710282331005,0.843,0.3542612030691478,7.784168665006291,2.2702046717766233,7.720634010003414,2.252710282331005,5.0,0.0,100.0,0.0,0.0,0.0,0.0,0.0,,0.017504166052408093,0.017504166052408093,0.07720634010003415,0.0835248000221327,0.10469610507134347,0.15933009993750602,0.843,0.0,0.0
uniform,Benchmark Obstacle Detour,20,0.0,0.0,0.05,0.0,0.0,0.0,0,0.0,0.16112515805281938,0.27190936007921074,0.14688061820391474,0.009558549121231196,0.0040165368994757806,0.2549991724809251,0.09577788632869491,0.07902523443620155,0.0629097887272415,2.814325401812896,0.052192374299232513,9.815943981034273,3.4721837074970865,20.77929772973041,9.615956075969729,0.0014885056600049996,0.0009779716613245208,0.12431554234854411,0.024063074917281338,0.11660996749997139,0.02207591880117155,0.19316579749574883,0.03891091403628818,0.23158477500546723,0.04722611919643643,12.431554234854412,2.4063074917281333,0.9385,0.19802209472682586,12.553327199997147,2.4322681047576435,12.431554234854412,2.4063074917281333,5.0,0.0,100.0,0.0,0.3,0.6403124237432849,0.0,0.0,,0.0005506171244858832,0.0005506171244858832,0.12431554234854411,0.11701529996935278,0.2058035849709995,0.3053802999202162,0.9385,0.0,0.0
uniform,Benchmark Point-to-Point,20,0.0,0.0,0.55,0.0,0.0,0.0,0,0.0,0.16112515805281938,0.18034228947011888,0.10361734013557682,0.0052937703909141836,0.003082221948650962,0.14742730006534233,0.06932169799627136,0.058262909497747706,0.042272917411392115,2.8259544710088456,0.0474706841139694,3.358838262782161,0.7395911088273267,8.833507391602764,2.3162129853642104,0.03689154240516048,0.003645619150993657,0.07854613810009323,0.02285502272030761,0.07808992750069592,0.022985468854467807,0.0952478820021497,0.028035653604880077,0.11224798000184819,0.035795713210737615,7.854613810009323,2.2855022720307607,0.844,0.35470269240590774,7.918748690013308,2.303265227289974,7.854613810009323,2.2855022720307607,5.0,0.0,100.0,0.0,0.0,0.0,0.0,0.0,,0.02527085974085172,0.02527085974085172,0.07854613810009323,0.08534285001223907,0.10669594505452551,0.16140649991575629,0.844,0.0,0.0
